topic,repo_count,total_stars
llm,119,3920037
ai,113,4042133
python,74,2543905
openai,68,2828165
typescript,67,1536292
chatgpt,64,2587175
react,48,1095488
nextjs,41,1257977
agents,41,1552754
agent,39,1306690
rag,39,1595898
rust,37,882636
javascript,36,913362
gpt,36,1738347
open-source,35,1011622
self-hosted,34,846296
llms,33,1222527
hacktoberfest,32,676116
linux,32,712556
machine-learning,31,890243
deep-learning,31,839870
android,29,532656
windows,29,684082
ai-agents,28,1117976
artificial-intelligence,28,1093786
large-language-models,27,811744
mcp,26,1051723
llama,26,831001
gemini,25,1126110
pytorch,24,835492
macos,23,510064
docker,23,597905
langchain,23,697499
developer-tools,22,616854
gpt-4,22,976305
chatbot,22,682531
automation,21,538670
deepseek,19,965837
generative-ai,19,837010
tailwindcss,19,476622
postgresql,18,467358
database,18,353675
cli,18,478859
claude,18,904556
pdf,17,535198
ollama,17,764262
tauri,15,400599
golang,15,516212
llmops,13,298323
awesome,13,288687
qwen,13,594315
api,12,271253
go,12,364949
sql,12,238010
tts,12,377233
reactjs,12,259992
security,11,245447
anthropic,11,365695
language-model,11,511851
redis,11,248191
prompt-engineering,11,471233
agentic-ai,11,629668
nlp,11,267182
flutter,10,321139
awesome-list,10,324183
retrieval-augmented-generation,10,311354
vue,10,128578
web,10,380318
ios,10,172676
framework,10,405320
genai,9,328291
computer-vision,9,201733
terminal,9,173396
stable-diffusion,9,423132
kotlin,9,167594
proxy,9,179436
mac,9,243850
postgres,8,127950
copilot,8,146356
ui,8,384181
image-generation,8,314036
markdown,8,395343
nodejs,8,254400
ocr,8,209283
cuda,8,178036
fine-tuning,8,254597
command-line,8,178234
data,8,195425
low-code,8,317442
sqlite,8,142112
privacy,8,175663
vless,8,148070
gui,8,150105
playwright,8,232932
llama3,7,426833
chrome-extension,7,111422
openai-api,7,244230
workflow,7,246893
browser,7,173976
inference,7,200892
vercel,7,203243
youtube,7,176857
cross-platform,7,206857
opensource,7,139218
natural-language-processing,7,113885
lora,7,185048
editor,7,211868
jetpack-compose,7,150622
transformer,7,223176
svelte,7,272549
multimodal,7,151450
vector-database,7,230694
no-code,7,311957
java,7,171121
tools,7,98607
multi-agent,7,184910
transformers,7,333281
ssh,7,114603
text-to-speech,7,242267
clash,7,230932
shadcn-ui,7,105813
frontend,6,149834
productivity,6,106318
server,6,97250
desktop,6,214196
finance,6,205777
monitoring,6,118154
assistant,6,157269
crawler,6,200888
sing-box,6,87760
clash-meta,6,207639
vmess,6,107901
json,6,133246
mysql,6,127310
app,6,183756
chinese,6,152034
video,6,103555
speech-to-text,6,131457
python3,6,192271
web-scraping,6,250977
trojan,6,95137
knowledge-base,6,227590
good-first-issue,6,127460
whisper,6,137357
cpp,6,87757
wechat,6,111722
evaluation,5,86225
kubernetes,5,57764
wasm,5,79826
diffusion,5,252659
langgraph,5,214041
workflow-automation,5,131330
onnx,5,64218
agentic-workflow,5,350102
openclaw,5,237450
gpt-oss,5,341596
discord,5,95563
browser-automation,5,165415
prisma,5,98040
scraping,5,207036
gpt-4o,5,233865
mcp-server,5,120050
realtime,5,194447
telegram,5,99499
visualization,5,110303
webscraping,5,210388
ide,5,110347
electron,5,159842
translate,5,88186
linter,5,116426
http,5,95987
deepseek-r1,5,187080
neovim,5,107388
free,5,220936
blockchain,5,165964
tauri-app,5,245431
notion,5,127826
wireguard,5,110207
shadowsocks,5,99542
chatglm,5,109977
reverse-engineering,5,121941
orchestration,5,222440
authentication,5,127543
search,5,87148
radix-ui,5,161880
mihomo,5,167930
vits,5,160792
llm-agent,5,152099
webassembly,5,109784
reinforcement-learning,5,133193
llm-evaluation,5,87697
downloader,5,85282
ai-agent,5,150084
memory,5,109152
backend,5,173309
book,5,195517
moe,5,199264
gemma,4,315616
pipeline,4,59023
agentic,4,162370
devops,4,58448
scraper,4,162394
security-tools,4,77778
pdf-converter,4,210503
search-engine,4,66069
neovim-plugin,4,71002
hysteria2,4,79542
data-extraction,4,183964
youtube-downloader,4,82555
vpn,4,84429
data-visualization,4,86247
interview,4,84573
distributed-systems,4,86539
multiagent,4,359598
tv,4,94337
font,4,68411
fastapi,4,78177
rest-api,4,90894
voice-cloning,4,112596
chat,4,93946
webapp,4,82907
translation,4,86225
download,4,64480
gradio,4,217971
testing,4,92602
tui,4,84968
gpt-3,4,144740
sdk,4,95889
v2ray,4,81591
nvim,4,71002
cursor,4,118899
embeddings,4,61840
object-detection,4,148518
metrics,4,99888
hysteria,4,81563
large-language-model,4,89101
analytics,4,61228
autogen,4,245247
homelab,4,90459
cloudflare-workers,4,53303
llm-serving,4,126049
video-generation,4,55458
agi,4,83098
real-time,4,151343
openapi,4,198475
generative-ui,4,73525
quantization,4,128065
http-client,4,86718
speech,4,75671
ffmpeg,4,50461
llama2,4,67218
networking,4,66777
information-retrieval,4,70733
english,4,111336
web-scraper,4,183964
clickhouse,4,72841
application,4,189056
vite,4,199846
graphrag,4,158475
speech-recognition,4,107638
qwen3,4,169077
nestjs,4,166206
llm-inference,4,126884
ech,4,85165
converter,4,88584
multi-modal,4,67151
reality,4,85165
collaboration,4,83574
home-assistant,4,81207
data-science,4,65005
google,4,97861
browser-extension,4,59692
workflows,4,90800
ethereum,4,135516
qt,3,63203
mlops,3,42649
nerf,3,37622
leetcode,3,152576
rss,3,80580
dart,3,99930
3d,3,61599
openai-chatgpt,3,89422
dapp,3,74892
typeface,3,49549
cv,3,44861
code,3,52528
webdav,3,33491
conversion,3,66216
graphql,3,91770
chatgpt-api,3,116489
text-to-sql,3,61634
cloudflare-pages,3,44874
flipper-zero,3,39581
nocode,3,48954
vscode,3,57474
gemini-api,3,42378
diffusion-models,3,30611
webui,3,254910
shadowtls,3,45578
react-components,3,63639
js,3,69072
text-to-video,3,31014
peft,3,104652
interview-questions,3,85758
qq,3,64336
reader,3,73542
plugins,3,47029
desktop-app,3,85063
upstash,3,44427
llama-index,3,70395
translator,3,48890
deeplearning,3,31776
html,3,115530
data-structures,3,151744
mongodb,3,82681
oauth,3,55898
bun,3,43341
data-engineering,3,36786
xray,3,51201
web-development,3,42155
ai-art,3,205277
streaming,3,85325
rlhf,3,119599
ai-gateway,3,77821
codegen,3,122409
notifications,3,39445
ruby,3,75602
accessibility,3,55380
graph,3,77942
ai-tools,3,115539
trpc,3,50268
devtools,3,31456
browser-use,3,112915
wiki,3,103400
read-it-later,3,58513
deep-fake,3,131397
next,3,59780
pydantic,3,178924
linux-app,3,40972
gpt-5,3,86976
web-search,3,147266
youtube-dl,3,43021
vue3,3,34510
compose,3,69032
bundler,3,38907
coding-assistant,3,122409
tutorial,3,57641
agentic-framework,3,204594
pretrained-models,3,39815
react-native,3,66715
crawling,3,60813
tiktok,3,109152
internal-tool,3,48683
iptv,3,83562
txt2img,3,205277
grpc,3,71682
virtualization,3,81821
cloud,3,67105
moviepy,3,77472
osint,3,52836
material-design,3,47832
data-analysis,3,79565
data-pipelines,3,86689
music,3,63782
api-gateway,3,61055
selenium,3,72850
payments,3,83494
music-player,3,48451
tiling-window-manager,3,59053
jsx,3,50239
kimi,3,177781
web-crawler,3,140681
shadcn,3,141102
yt-dlp,3,43021
package-manager,3,45163
github,3,52208
rpa,3,44648
tool,3,85296
laravel,3,130206
language,3,45212
instruction-tuning,3,106855
gen-ai,3,76958
cloud-native,3,42221
mariadb,3,91857
algorithms,3,149528
csv,3,81321
flipperzero,3,39581
ml,3,43823
tutorials,3,63237
blackwell,3,115543
img2img,3,205277
fintech,3,45524
xlsx,3,84498
base-ui,3,130952
vision,3,74883
voice,3,73647
cloudflare,3,30611
minimax,3,209936
amd,3,97188
knowledge-graph,3,57010
components,3,170942
key-value,3,47962
chatglm-6b,3,104702
rust-lang,3,113162
image-animation,3,40494
tracking,3,115534
swift,3,70262
swiftui,3,65007
aiagent,3,31436
mistral,3,242509
tuic,3,45578
development,3,39014
node,3,51728
cache,3,47962
filesystem,3,79078
wayland,3,71403
git,3,78465
context-engineering,3,102374
spreadsheet,3,49170
custom-firmware,3,39581
minecraft,3,33997
image-manipulation,3,57485
deep-research,3,146399
compiler,3,43712
django,3,102176
plugin,3,43107
observability,3,62567
puppeteer,3,71811
chatbots,3,141884
kotlin-multiplatform,3,69032
ai-scraping,3,168614
notebook,3,51897
m3u8,3,62235
code-generation,3,72239
whiteboard,2,80645
wsa,2,27172
llm-eval,2,29300
stream-processing,2,72468
qlora,2,85864
mcp-servers,2,82756
automatic-labeling-system,2,26829
searxng,2,42485
extension,2,26491
falcon,2,20896
documentation,2,36168
image-processing,2,47080
mp4,2,40668
gemma3,2,230231
llm-observability,2,43648
astro,2,88217
voice-conversion,2,63247
xcode,2,31026
azure,2,144875
static-analysis,2,60430
compose-multiplatform,2,31262
embedding,2,51492
agent-framework,2,56718
dubbing,2,26583
douyin,2,30508
airtable-alternative,2,36411
nosql,2,36173
functional,2,32454
agentic-rag,2,84682
yolov8,2,65159
windows-11,2,33031
llama-2,2,43622
f-droid,2,38131
strategies,2,29172
bigquery,2,29460
bedrock,2,58088
pdf-sign,2,24331
documents,2,69452
dsa,2,141454
pentesting,2,29634
web-data,2,131916
maps,2,23541
form,2,20732
ingestion,2,23855
alternative,2,17512
vibe-coding,2,68500
pathway,2,123583
twitter,2,68954
container,2,36116
solidity,2,88069
filemanager,2,31107
face-animation,2,26770
image-to-3d,2,20989
claude-code,2,53816
photos,2,123735
domains,2,178744
docx,2,72189
llm-framework,2,67447
text2video,2,49253
reactive,2,40932
bugbounty,2,20053
ai-framework,2,20997
reverse-proxy,2,39426
apple,2,43004
groq,2,126792
oidc,2,48002
openapi3,2,57492
chromium,2,26606
research,2,38909
web-data-extraction,2,131916
webpack,2,24333
deepfake,2,117673
education,2,137495
bt,2,27749
vicuna,2,30772
sentiment-analysis,2,59453
yolo,2,93840
tiptap,2,25503
remix,2,30174
developer-tool,2,26599
mixtral,2,22042
vqgan,2,47255
bookmarks,2,40645
ubuntu,2,36667
dns,2,32145
rerank,2,71896
linux-desktop,2,36330
money,2,55332
animation,2,32162
firefox,2,55801
startpage,2,62870
crypto,2,47637
parser,2,80327
korean,2,53586
computer-use,2,23447
typescipt,2,121881
vulkan,2,45607
deno,2,23026
kafka,2,72468
semantic-search,2,127118
faceswap,2,117673
yjs,2,25738
utility,2,60475
electron-app,2,29901
programming,2,146395
monospace,2,44026
decentralized,2,64572
foundation-models,2,42368
voice-clone,2,92861
oss,2,46160
time-series-analysis,2,75568
erd,2,58862
realtime-collaboration,2,36168
code-interpreter,2,84010
autonomous,2,35155
dingtalk,2,58897
typesafe,2,35243
excel,2,24395
firefox-addon,2,26078
dark-mode,2,17460
flutter-apps,2,92905
nix,2,85603
crdt,2,77298
cve,2,31476
opencode,2,53816
airtable,2,36411
pipelines,2,27859
local-first,2,18271
dashboard,2,45091
deepagents,2,162593
product-management,2,57285
tls,2,49071
pdf-to-text,2,72189
vllm,2,26262
fine-grained,2,41107
pandas,2,39178
tunnel,2,45009
neural-networks,2,100736
paper,2,29809
package,2,57930
software,2,20892
google-apps,2,27172
baidu,2,26833
privacy-tools,2,37013
video-translation,2,26583
app-builder,2,33378
hacking,2,20053
chrome,2,44018
redis-client,2,38085
flash-attention,2,31239
audio-generation,2,65908
note-taking,2,33376
network,2,60809
qqbot,2,48534
ipv6,2,51387
vps,2,44473
emulation,2,39979
ssl,2,23625
emulator,2,39979
vision-language-pretraining,2,28888
ui-components,2,49103
hacktoberfest2025,2,36634
colab-notebook,2,34615
css,2,37622
sveltekit,2,112375
bash,2,37327
sft,2,22860
screenshot,2,61381
cfw,2,31251
firmware,2,29704
aiagents,2,38168
mobile-app,2,112533
image-to-video,2,22608
etl,2,72236
zero-knowledge,2,100088
ppt,2,24395
key-value-store,2,36173
so-vits-svc,2,63247
podman,2,28772
bookmark-manager,2,42512
lua,2,24429
testing-tools,2,59963
snap,2,22677
iam,2,36688
live,2,51387
sync,2,29567
localai,2,99990
t3-stack,2,64772
ai-agents-framework,2,78297
admin-dashboard,2,27040
webgpu,2,32623
download-manager,2,25209
scanner,2,18291
ai-search,2,131916
email,2,30025
computer-graphics,2,38730
backtest,2,29172
multi-agent-systems,2,24842
static-code-analysis,2,71387
personal-finance,2,79985
flipper,2,29704
vc,2,63247
text2sql,2,40314
drag-and-drop,2,25076
llm-ui,2,158558
wine,2,29755
typography,2,44026
document-parser,2,72189
vertex-ai,2,59784
sso,2,36688
tailwind,2,52143
image2image,2,195665
prompts,2,179625
pdf-to-json,2,72189
assistant-chat-bots,2,41302
web3,2,43391
generative-adversarial-network,2,63948
llamacpp,2,56599
warp,2,18458
grok,2,55955
prompt,2,23433
stripe,2,43462
neovim-config,2,40089
resources,2,28029
private,2,30471
spark,2,24039
turborepo,2,41519
svg,2,50309
ai-crawler,2,131916
text2image,2,195665
evals,2,32225
mcp-tools,2,46199
threat-intelligence,2,20053
llamaindex,2,57826
yaml,2,55130
valkey,2,36173
codex,2,53816
llm-evaluation-framework,2,34781
pdf-signature,2,24331
model-context-protocol,2,32770
m3u,2,51387
vector-search,2,37213
elasticsearch,2,33057
aiops,2,20393
danmaku,2,40452
vim,2,50623
vlm,2,35063
gpt4,2,98197
remote-desktop,2,49254
security-audit,2,23796
pre-trained-language-models,2,31086
word,2,24395
llama4,2,28413
reddit,2,72890
clashmeta,2,37247
macos-app,2,36509
2fa,2,34848
neo4j,2,24828
shell,2,35300
themes,2,21791
prosemirror,2,25503
bilibili,2,22429
packaging,2,97445
openai-functions,2,25568
bot,2,48326
knowledge,2,31608
document-signing,2,24331
notion-alternative,2,87018
instance-segmentation,2,93840
docker-ui,2,57804
ernie,2,34013
userscript,2,28916
os,2,51745
autonomous-agents,2,200829
resume,2,45949
linear,2,57589
metal,2,29835
neural-network,2,32221
build-tool,2,24078
material-you,2,25441
alpine,2,39070
google-photos-alternative,2,123735
mllm,2,19307
torch,2,201423
survey,2,20732
webml,2,33612
skills,2,86514
magisk,2,27172
fonts,2,28888
terminal-based,2,32347
torrent,2,27749
fake,2,36691
text-to-3d,2,20989
pinecone,2,29023
image-classification,2,65159
homepage,2,62870
acme,2,34373
raspberry-pi,2,30745
docker-container,2,70360
social-media,2,68998
k8s,2,22402
playground,2,43648
websocket,2,41225
neovim-configuration,2,40089
document-parsing,2,72189
google-photos,2,123735
kernelsu,2,32666
vector,2,49388
japanese,2,53586
asr,2,32802
ai-native,2,33697
supabase,2,39236
dataflow,2,83912
self-hosting,2,46802
csharp,2,19609
docs,2,26134
ebook-reader,2,27564
desktop-application,2,27307
custom,2,29704
validation,2,24014
3d-reconstruction,2,28802
pgvector,2,32294
open-vocabulary-detection,2,26829
epub,2,38178
localization,2,26583
epg,2,51387
embedded-database,2,34817
swagger,2,23966
web-framework,2,46157
e-signature,2,24331
api-client,2,57492
qwen-image,2,59062
selfhosted,2,42057
files,2,35187
vm,2,44228
minicpm,2,54045
ai-search-engine,2,45328
opentelemetry,2,40197
evaluation-framework,2,34781
vision-and-language,2,37336
tailscale,2,30627
bigdata,2,66540
rsshub,2,47224
rtmp,2,36313
esm,2,24541
convert,2,74159
data-integration,2,27859
vscode-extension,2,42637
flipper-zero-firmware,2,18207
help-wanted,2,24800
performance,2,35280
gpt-35-turbo,2,71223
react-flow,2,168717
file-manager,2,53502
rss-reader,2,71396
enterprise,2,162593
drizzle-orm,2,34033
platform,2,40868
next-auth,2,41411
icons,2,33242
bloom,2,20896
wayland-compositor,2,57517
api-testing,2,59963
headless,2,37383
tvm,2,40212
t3,2,64772
notes-app,2,76486
certificate-management,2,34373
ligatures,2,35190
php,2,20531
n8n,2,28485
home-automation,2,46802
deepl,2,21244
open-vocabulary-segmentation,2,26829
quantitative-finance,2,29172
generative-art,2,37305
milvus,2,49395
voiceconversion,2,63247
file-sharing,2,88098
programming-language,2,37138
image,2,57835
rocm,2,22835
upscaling,2,174844
diagrams,2,67280
xiaomi,2,34405
zotero,2,43684
smart-contracts,2,29873
docker-compose,2,42057
text-to-image,2,19726
design,2,33510
sse,2,46148
cybersecurity,2,40003
replication,2,18477
pdf-manipulation,2,85775
audio-analysis,2,63247
ruby-on-rails,2,65789
https,2,23625
evm,2,105643
text-generation,2,57450
system-design,2,51750
oracle,2,39930
ai-memory,2,36971
glm,2,194592
ai-chat,2,104254
sovits,2,63247
secret-management,1,25855
anime,1,16901
wifi-network,1,10451
art,1,10316
websockets,1,8951
dbt,1,8695
gpt-engineer,1,55218
zig,1,28618
recognize,1,17650
instruction-set,1,15823
laravel-ecommerce,1,14744
natural-language-inference,1,39073
knowledge-management,1,10420
television,1,27871
cheerp,1,16636
auction,1,13927
prover,1,74142
red-teaming,1,20032
ratatui,1,19742
clash-rs,1,12947
authentification,1,27592
drizzle,1,25081
elizaos,1,18173
imagemagick,1,14586
ssl-cert,1,8518
hub,1,55843
openresty,1,34957
aisys,1,16600
lark,1,15802
baiduyun,1,14011
watch,1,11924
cuda-cpp,1,10259
resolver,1,83195
uml,1,23293
leetcode-patterns,1,16247
ai-developer-tools,1,15231
laravel-mobile,1,14744
charts,1,14922
dnd,1,12578
amp,1,10397
wechat-download,1,8467
score-based-generative-modeling,1,33315
qt6,1,9083
ai-deep-fake,1,90173
cv-generator,1,16292
cpu,1,12776
wagmi,1,29464
go-cqhttp,1,18669
zkp,1,15946
kook,1,15802
mason,1,10192
forge,1,9083
telegram-proxy,1,8658
qwen2,1,29688
polyglot-programming,1,15231
opensource-ecommerce,1,14744
genshin-impact,1,13255
english-language,1,39073
audiobook,1,18677
local-ai,1,11067
trade-bot,1,16930
quickshell,1,13886
cef,1,8260
tabby,1,8251
copilot-chat,1,30187
singbox,1,28589
dag,1,20371
html-to-markdown,1,108622
auto-update,1,23516
fragment,1,10230
naive-proxy,1,8331
instagram,1,39534
xinghuo,1,18669
neovim-dotfiles,1,14237
makers,1,13275
lint,1,10964
zotero-plugin,1,10644
typescript-guidebook,1,10254
mlx,1,25375
visual-editor,1,12498
stocks,1,12242
windows-virtual-machine,1,50898
windows-virtual-machines,1,50898
mssql,1,21818
flowchart,1,13413
bloatware,1,11310
computer-use-agent,1,10840
auto-scaling-architecture,1,9476
did,1,15946
jwt,1,8902
vue-router,1,7996
xss,1,21025
bruno-alternative,1,18378
compose-desktop,1,14361
gpt-operator,1,12607
pi-hole,1,21694
tensor,1,14861
office-free,1,11636
dependency-management,1,10964
typo-tolerance,1,10290
typescript-tutorials,1,10254
lxc,1,27592
blacklist,1,21694
unlocked,1,21374
microsoft,1,11636
json-viewer,1,10681
axios,1,7996
ai-storage,1,25576
redis-manager,1,12693
report-generation,1,28076
tauri2,1,11443
videos,1,97789
oriented-bounding-box,1,37997
playstation4,1,30746
recording,1,19336
ai-testing-tool,1,17089
vulnerability-scanner,1,8689
ernie-bot,1,31909
grafana,1,18519
stock,1,12242
torchaudio,1,39073
debian,1,27592
smart-home,1,21608
slides,1,10420
gigapixel,1,44570
scenario,1,19164
cheerpx,1,16636
airdrop,1,13927
edge-addon,1,12966
gaussian-splatting,1,11442
x25519,1,33964
developer-experience,1,33417
tableau-alternative,1,15724
openvino,1,14857
3d-aigc,1,12169
memos,1,10044
multi-hop-question-answering,1,8671
neovim-setup,1,14237
rich,1,14003
service-mesh,1,8524
local-llm,1,58248
meta-prompting,1,11914
cloning-tool,1,12732
quiz,1,8677
customer,1,43928
optical-character-recognition,1,38055
repl,1,16636
cjk-font,1,14359
vanilla,1,13602
prettier,1,12288
netboot,1,11478
azure-openai,1,43166
rvc,1,35207
nvidia,1,12776
doubao,1,11914
application-resume,1,29657
tvbox,1,23516
powerautomate,1,21139
metric-depth-estimation,1,8061
testing-library,1,17089
kernel,1,15987
shortcuts,1,12822
youdao,1,12822
ue5,1,12662
office,1,11636
smtp-testing,1,9144
webauthn,1,8902
moonshot,1,58248
privategpt,1,11977
algorithm,1,125207
reading,1,16001
kms,1,11636
element-ui,1,7996
memory-management,1,52930
high-level-design,1,36324
responses-api,1,35581
i3,1,20229
open-r1,1,13680
vibecoding,1,25081
uptime-monitoring,1,9574
segment-anything,1,55843
discord-bot,1,37419
oracle-database,1,37044
web-app,1,20371
plotly,1,15724
cognitive-architecture,1,15226
mindmap,1,13413
no-electron,1,47738
zotero7,1,10644
solid-principles,1,23293
mtcnn,1,21006
window-manager,1,20229
cyq,1,12242
eliza,1,18173
dropzone,1,12578
wechat-rss,1,9184
timetracker,1,8407
boards,1,47739
coding-font,1,25164
audio-visual-speech-recognition,1,15649
rspack,1,12617
menu-bar,1,27258
structured-prompts,1,11914
deployment,1,32995
macos-vm,1,19462
scira-ai,1,11599
gkd-subscription,1,11454
agent-computer-interface,1,10840
good-first-contribution,1,9574
yolo26,1,55843
document-management-system,1,38055
programming-font,1,25164
orca,1,13275
data-table,1,12759
eslint,1,12288
osint-tool,1,10451
typescript-guide,1,10254
homeserver,1,9340
modular,1,25872
llava,1,24675
grpc-golang,1,21678
cnn,1,21006
strix,1,12776
hash-table,1,11789
puter,1,40267
russian,1,33040
conversational-awareness,1,26468
multi-lingual,1,20546
scripting-language,1,10420
angular,1,38055
root,1,15987
hacking-tools,1,10451
public-apis,1,8698
db2,1,25392
bruteforce,1,21025
semantic-kernel,1,56606
document,1,33040
document-conversion,1,16423
text-to-video-generation,1,9976
tanstack-table,1,9518
aesthetic,1,8737
rotated-object-detection,1,55843
jira,1,47739
localhost,1,11045
learn-typescript,1,10254
jetbrains-plugin,1,32522
xfce,1,14781
aura,1,12776
web-os,1,40267
valkey-client,1,25445
ai-alignment,1,17914
subtitle,1,14030
web-automation,1,12683
langchaingo,1,10599
webmin,1,34957
xterm-js,1,16636
msoffice,1,11636
compressor,1,9075
q-wen,1,29688
wan,1,25747
psd,1,12494
visio,1,11636
volunteer-computing,1,10065
static-server,1,9937
xtls-rprx-vision-udp443,1,33964
resume-builder,1,16292
good-first-pr,1,15226
opeai,1,29657
rendering,1,21047
powershell,1,11310
talking-face-generation,1,13724
bing,1,12822
access,1,11636
typescript-learning,1,10254
tagsoftags,1,8218
ai-webcam,1,90173
object-storage,1,25576
saas-boilerplate,1,14055
single-sign-on,1,20216
drawing,1,13413
permissionless-interoperability,1,9476
generative-model,1,8670
neurips,1,8670
hls,1,12797
bittorrent-client,1,10848
redteam,1,10451
usage-based-billing,1,9528
paas,1,8524
gpt4-api,1,65997
unet,1,21006
power,1,12776
model-inference,1,12278
uptime-status,1,9574
auto-regressive-model,1,8670
works-with-react,1,42465
vimeo,1,39534
nextauthjs,1,19191
gitlab,1,16422
nocodb,1,15305
osint-framework,1,9602
fabricmc,1,9083
flatpak,1,9075
pinia,1,7996
vuetify3,1,16351
pydantic-v2,1,12748
redis-gui,1,12693
workflow-orchestration,1,10398
network-analysis,1,33217
command-line-tool,1,13400
grid,1,12759
code-completion,1,8251
llm-gateway,1,43166
aws-s3,1,14055
fumadocs,1,11516
data-structure,1,125207
authy,1,25946
lwip,1,16636
indexer,1,74142
lip-sync,1,27500
ally,1,12776
ai4science,1,59652
langchain-for-go,1,10599
wai-aria,1,9181
codeformer,1,17882
serverless,1,14526
uc-netdisk,1,14011
rstack,1,12617
github-readme,1,12046
grub,1,11478
instruct-gpt,1,15823
reranker,1,13680
charles,1,12917
zero-trust,1,20216
dms,1,38055
community,1,15464
neovim-lua-plugin,1,14237
media-center,1,9382
waf,1,21025
contributions-welcome,1,15226
auto-play-game,1,13255
content-collections,1,11516
iamneo,1,25239
digital-avatar,1,16990
soundcloud,1,39534
rtsp-server,1,12797
loaders,1,12617
azure-openai-api,1,31909
osx,1,19462
textual,1,11724
texttovideo,1,15938
speaker-diarization,1,15649
tampermonkey-script,1,14011
hassio,1,12797
sre,1,8524
matting,1,21006
cicd,1,20032
inspurai,1,15344
google-auth,1,14055
dpo,1,9180
project-management,1,47739
umi-ocr,1,43272
lowcode,1,12272
maintenance,1,10964
materialized-view,1,8927
deepresearch,1,26424
machine-learning-systems,1,23599
ci-cd,1,20032
caption,1,17513
evaluation-metrics,1,14749
javafx,1,13991
bare-metal,1,12001
macos-virtual-machine,1,19462
news,1,19359
video-synthesis,1,12732
privacy-focused,1,11067
kv-cache,1,7974
yolo-world,1,55843
ui-system,1,16470
experience-management,1,12055
reinstall,1,11478
codeium,1,8251
auto,1,37770
mixed,1,33964
singing-voice-conversion,1,28040
http-flood,1,21025
vulnerability-scanners,1,20032
coding,1,16247
llm-ops,1,12278
sortable,1,12578
kanban,1,47739
wyze,1,12797
bentoml,1,12278
esp32,1,25605
html-css-javascript,1,22234
finder,1,16352
testing-tool,1,17089
kernel-fusion,1,14861
webcam-streaming,1,12797
threatintel,1,9602
llm-training,1,23975
components-library,1,37988
tachiyomi,1,19832
table,1,67232
crm-system,1,43928
salesforce,1,11195
xtls-rprx-vision,1,33964
qwen1-5,1,29688
semver,1,15071
unixporn,1,13886
lmstudio,1,58248
dataengineering,1,40964
arxiv,1,19389
finetuning,1,18288
cfg,1,13658
microsoft-office,1,106754
cloning,1,12732
dia,1,12683
good-first-project,1,9574
iot-analytics,1,63541
gemini-pro,1,87694
file-explorer,1,36386
social-media-scheduling-tool,1,28051
superagi,1,17440
boilerplate,1,14055
incus,1,13991
acp,1,41810
grounding,1,10840
flow-engineering,1,10398
system,1,8956
timetracking,1,8407
upscayl,1,44570
economist,1,30804
gif,1,19336
mirai,1,18669
real-time-rendering,1,17360
update-checker,1,16422
faker,1,14997
deep-fakes,1,13724
puzzles,1,12039
ssh-client,1,10848
gemini-ultra,1,87694
argo,1,13954
tanstack-router,1,11516
scraping-python,1,23294
video-subtile,1,14030
rest-client,1,11724
gool,1,8228
guide,1,32840
unleashed,1,21374
sheet,1,12759
distro,1,11478
image-segmentation,1,9316
gcp,1,16618
llama3-2,1,12278
evm-blockchain,1,31501
web-technologies,1,16352
ai-playground,1,16316
miro,1,67232
graphql-client,1,42874
obtainium,1,16422
npm,1,15071
apis,1,8698
high-availability,1,8411
document-understanding,1,77936
state-management,1,52930
mytv,1,32175
newapi,1,26534
sqlite3,1,18214
chattts,1,39073
ui-library,1,37988
playlist,1,23516
ai-performance-optimization,1,16132
weread,1,9184
stable-diffusion-diffusers,1,33315
object-pascal,1,11535
easm,1,9602
smtp-server,1,9144
webcamera,1,90173
game-development,1,24479
socks5,1,13954
design-to-code,1,25081
letsencrypt,1,8518
feishu,1,15802
document-image-processing,1,14453
photo-collage,1,12494
visual-novel,1,11177
offline,1,10066
lists,1,8698
generativeai,1,109294
caldav,1,12313
backtesting,1,12242
operating-system,1,40267
fastmcp,1,24508
duckdb,1,14922
offline-first,1,11067
tensorflow,1,37997
adguard,1,21694
attestations,1,15946
slicer,1,13275
skype,1,11636
iso,1,11478
cpp20,1,9083
logging,1,21678
open-source-llm,1,12278
jobseeker,1,29657
library,1,27946
revanced,1,27371
npm-package,1,15071
donut,1,14453
etl-pipeline,1,8927
vs-code-extenstion,1,32522
vqvae,1,29373
internvl,1,13680
voice-cloneai,1,56637
outreach,1,29420
transcription,1,11067
infrastructure,1,9574
layerless-blockchain-creator,1,9476
htop,1,8956
vercel-ai-sdk,1,8756
backup-tool,1,97789
adblock,1,21694
ebpf-go,1,15107
survey-data,1,12055
fido2,1,8902
pdf-merger,1,76692
i3wm,1,20229
splunk,1,18519
vertex-ai-gemini-api,1,16618
rog,1,12776
answering-engine,1,33729
human-resources,1,29657
iptv-api,1,23516
seelen,1,16352
propertylist,1,11266
mobile,1,8467
hosts,1,21694
lodash,1,21188
saml,1,8902
freechatgpt,1,21000
qwen3-omni,1,13680
digitalplat,1,157050
osjs,1,40267
digital-human,1,12732
apify,1,8765
wsapatch,1,16679
openstreetmap,1,14888
nzb,1,10775
open-ai,1,60042
chatgpt-plugins,1,21198
graph-rag,1,15226
google-maps,1,8653
classroom,1,32840
face-enhancement,1,17882
logseq,1,16001
spring,1,15305
gan,1,90173
retrieve-data,1,35207
datasecurity,1,14905
genshin,1,13255
openai-function-calli,1,12748
cursor-ai-editor,1,39040
vrm,1,38043
components-react,1,37988
multilanguage,1,16352
https-certificate,1,8518
astrovim,1,14237
xcode-extension,1,8251
interview-practice,1,23293
overclock,1,12776
bookmarks-manager,1,24644
cpp26,1,35045
coins,1,21694
parameter-efficient-learning,1,20931
finetune,1,15823
alger,1,14823
alarm,1,11627
file-converter,1,16423
rustpython,1,47030
p2p,1,8218
fingpt,1,19066
traces,1,18519
qemu,1,14781
sentence-embeddings,1,11533
homelab-setup,1,27592
timeline,1,8653
threat-intelligence-feeds,1,21694
123pan,1,14011
amazon-interview,1,11122
cuda-kernel,1,10259
zero-shot-classification,1,9316
aiagentframework,1,48792
agentgpt,1,35976
chinese-nlp,1,15823
gpt3-prompts,1,11914
web-desktop,1,40267
vane,1,33729
modify,1,33040
bug-tracker,1,47739
style-guide,1,47030
apk-update,1,16422
scaled-yolov4,1,14115
command-menu,1,12489
libtorrent,1,10848
mamba,1,45362
tableau,1,15724
smtp,1,12313
mariner,1,12683
time-tracker,1,8407
psiphon,1,8228
rust-language,1,67232
radio,1,27871
media-server,1,12797
video-downloader,1,10848
asm,1,9602
comfyui,1,108661
firewall,1,21025
automatic,1,13255
chat-gpt,1,11519
constraints,1,21188
autodiff,1,14861
docker-stack-deploy,1,22847
web-security,1,21025
hotwire,1,54073
monorepo,1,43928
programming-ligatures,1,25164
code-editor,1,22775
flipper-plugins,1,21374
kcp,1,16751
ai-excel,1,12759
cloud-storage,1,40267
remote-mcp-server,1,27770
examly,1,25239
ai-translation,1,16736
file-management,1,12215
acme-client,1,8518
dark-theme,1,8723
unsloth,1,61386
xinference,1,37812
relational,1,24479
remote-development-environment,1,14837
iot,1,20216
bloatware-removal,1,11310
course,1,32840
manager,1,27371
t2v,1,15938
dotfiles,1,13886
events,1,9528
vue-admin,1,7996
microsoft-for-beginners,1,109294
llm-prompting,1,60042
cdp,1,28618
low-level-design,1,23293
integration,1,14781
nautilus,1,14781
domain,1,157050
firefox-browser,1,41440
perplexity,1,13808
beautifulsoup,1,8765
beginner-friendly,1,42465
job-scheduler,1,19164
forms,1,12055
tcp,1,11045
cuda-demo,1,10259
cemu,1,9233
deepseek-api,1,65997
distributed,1,45362
captcha,1,21025
coss,1,18109
claude-ai,1,71130
augmentation,1,40598
ztna,1,20216
parakeet,1,11067
featured,1,42465
modding,1,27371
windows10,1,16679
yolor,1,14115
tensor-parallelism,1,10065
wysiwyg,1,9356
chatgpt4,1,65997
game-porting-toolkit,1,14974
liger,1,13680
intel,1,12776
mime-types,1,11382
cursorrules,1,39040
latent-diffusion,1,26989
vault,1,25855
jupyter-notebook,1,19718
quant-trade,1,16930
talking-face,1,13724
ui-automation,1,13550
github-copilot,1,8251
claude-3,1,43277
faiss,1,37812
navicat,1,25392
nerd-fonts,1,21196
tiling,1,20229
rl,1,14733
xpath,1,36698
zero,1,16982
anticensorship,1,8228
fast,1,7974
economist-ebooks,1,30804
workers,1,27871
oracle-db,1,37044
cv-template,1,16292
qwen3-5,1,13680
quantitative,1,12242
db-migration,1,21818
dock,1,16352
llm-tracing,1,16132
3d-generation,1,12169
pep8,1,47030
reflex,1,35148
code-quality,1,17089
ai-sheet,1,12759
ai-face,1,90173
indexeddb,1,37044
generative-models,1,35908
open-source-social-media-scheduling-tool,1,28051
robo-advisor,1,19066
clash-nyanpasu,1,12947
alarms,1,11627
react-agent,1,23543
presentations,1,10420
secrets-management,1,25855
ads,1,21694
homekit,1,12797
pdf-ocr,1,76692
machine-coding,1,23293
qemu-kvm,1,14781
react-router,1,11516
pptx,1,57736
agency-agents,1,43419
edit,1,33040
hearing-aids,1,26468
dockerhub,1,9175
photo-gallery,1,97789
comfy,1,108661
microservice-framework,1,21678
commands,1,11964
shortvideo,1,55615
always-active-tab,1,25239
revchatgpt,1,27946
dlsys,1,16600
doprax,1,8359
openai-proxy,1,43166
wsl,1,13991
video-animation,1,8641
cjk,1,14359
blackbox-testing,1,13550
survey-form,1,12055
buildpack,1,11461
aiengineering,1,9268
tauri-rust,1,9177
chatui,1,26923
ycombinator,1,24838
proxypin,1,12917
self-hosted-ai,1,33729
iptv-free,1,23516
pocketflow,1,10398
gantt,1,47739
txt,1,27871
appkit,1,22775
grep,1,13400
digital-life,1,38043
job,1,29657
battery-monitor,1,26468
video-processing,1,37997
new-bing,1,18669
project,1,11636
post-quantum,1,33964
mcq-test,1,25239
pam,1,20216
llm-application,1,10599
wechat-article,1,8467
marketing,1,43928
multimodal-datasets,1,11195
transmission,1,10848
o1,1,35581
lld,1,23293
learning,1,22135
blocknotejs,1,16382
foldable,1,21188
harness,1,77936
chatgpt-free,1,65997
knowledgebase,1,20711
ci,1,20032
confluence,1,19786
google-cloud,1,16618
wechat-video,1,16505
freerdp,1,14781
mobile-ecommerce,1,14744
desktop-environment,1,40267
opds,1,19501
scam,1,21694
gym,1,11701
cuda-library,1,10259
guanaco,1,10065
from-scratch,1,90671
logical-reasoning,1,8671
apk,1,16422
speechgpt,1,15649
tampermonkey,1,14011
pyinstaller,1,14003
3d-printing,1,13275
passkeys,1,8902
microservice-orchestration,1,31626
log-analytics,1,18519
vertexai,1,16618
object-oriented,1,11266
ocr-python,1,43272
software-architecture,1,23416
code-edit,1,22775
build-system,1,11461
subdomain-scanner,1,9602
diagram-editor,1,37044
retrieval-model,1,35207
internlm2,1,29688
logs,1,18519
layout-analysis,1,59652
perplexity-alternative,1,11599
sales,1,43928
mjpeg,1,12797
combobox,1,12489
crud-application,1,12272
microsoft-interview,1,11122
whatsapp-web,1,8951
spring-boot,1,31626
enterprise-search,1,26923
objectstorage,1,25576
terminal-ui,1,15231
life,1,40598
cua,1,10840
tinybird,1,23383
network-capture,1,15107
leetcode-company-questions,1,11122
cloud-disk,1,9937
automated-failover,1,8411
small-specialized-models,1,14857
chain-of-thought,1,12139
multilingual,1,18677
ai-agent-monitoring,1,16132
ml-engineering,1,11207
variable-font,1,25164
magnet,1,10848
subdomain-enumeration,1,9602
block-based,1,9356
event-streaming,1,8927
user-management,1,8902
vector-index,1,60042
remote-development,1,14837
natural-language-generation,1,20546
static-site-generator,1,10420
onebot11,1,8422
inpainting,1,26989
ai-agent-tools,1,21691
mcps,1,21691
exif,1,12494
stable,1,10316
probabilistic-programming,1,8074
open-webui,1,131635
musicgen,1,45362
status-bar,1,27258
draganddrop,1,12498
neuro-sama,1,38043
phone-use,1,12607
doc,1,12759
readme-stats,1,12046
appimage,1,9075
ggml,1,103505
hackers,1,21025
bypass,1,25239
project-planning,1,47739
dom,1,20561
storage-engine,1,10728
metering,1,9528
realtime-deepfake,1,90173
move,1,74142
llm-local,1,60042
orchestrator,1,31626
sqlserver,1,25392
stablelm,1,15344
pagebuilder,1,12498
grok-companion,1,38043
design-system,1,9181
warp-plus,1,8228
image-synthesis,1,8061
styleguide,1,47030
keeloq,1,21374
isomorphic,1,20561
ai-monitoring,1,9268
kubectl-plugin,1,8411
clone,1,35581
max,1,25872
web-view,1,12693
gpui,1,10955
conformer,1,15649
turso,1,12288
video-streaming,1,9382
holepunching,1,8218
anonymous,1,8215
computer-science,1,36324
fail2ban,1,33964
gnome,1,14781
wails-app,1,12693
crm,1,43928
yolov4,1,14115
mcp-gateway,1,43166
flow-based-programming,1,10398
swissarmyknife,1,9083
cuda-toolkit,1,10259
formatter,1,24357
minifier,1,20675
record,1,18109
ai-societies,1,16683
llm-evaluation-metrics,1,14749
ygkkk,1,13954
neocolab,1,25239
slms,1,9180
mstoken,1,14003
smooth-scroll,1,13602
tapo,1,12797
web-performance,1,12617
yolov5,1,9316
sonnet,1,43277
genius-invokation-tcg,1,13255
mux,1,12776
zero-trust-network-access,1,20216
secret-scanning,1,25855
audio-driven-talking-face,1,13724
windows-virtual-desktop,1,50898
nas,1,40267
db,1,21818
ai-application,1,10599
video-transcription,1,9847
jailbreak,1,21374
cheatsheet,1,15071
ndarray,1,14861
vendetta-plugins,1,13054
language-models,1,10065
agent-collaboration,1,75137
socket-io,1,22847
in-context-learning,1,12139
fedramp,1,11977
cache-storage,1,11789
filetype,1,11382
ear-detection,1,26468
batch-processing,1,63541
server-driven-ui,1,15908
opengraph-images,1,13265
rtsp,1,12797
stimulusjs,1,54073
zen-browser,1,41440
naacl,1,28076
crack,1,25239
collaborative,1,16382
open-source-perplexity-ai,1,11599
uptime,1,9574
data-processing,1,63541
signed-distance-functions,1,17360
android-emulator,1,16679
logseq-plugin,1,16001
stable-diffusion-web-ui,1,15938
erc20,1,13927
virtual-environment,1,11461
awesome-lists,1,10451
vector-database-embedding,1,10290
yt-dlp-gui,1,8309
tags,1,8218
lxd,1,13991
strategy,1,12242
open-cli,1,43419
stealth,1,36698
open-source-ai-search-engine,1,33729
xyflow,1,21818
configuration,1,11266
model-serving,1,76438
litellm,1,43166
open-models,1,15823
llm-interview,1,13834
fiddler,1,12917
docusign-alternative,1,12615
xml,1,11266
uikit,1,10955
gpt-2,1,8670
ssl-certificates,1,8518
leptonai,1,8102
lens-protocol,1,29464
mock-data-generator,1,17089
apachespark,1,40964
menubar,1,27258
object-oriented-programming,1,23293
distribution-of-chips,1,12242
browser-engine,1,62343
xtts,1,18677
office365,1,11636
sonarr,1,10775
science,1,8851
video-deepfake,1,90173
sql-server,1,37044
relational-database,1,24479
material-ui,1,13706
chroma,1,11583
downloadmanager,1,14361
learning-by-doing,1,9262
owntracks,1,8653
high-performance,1,42465
outpainting,1,26989
player,1,16901
monitoring-tool,1,11627
flourishing,1,40598
self-learning,1,22135
pacbao,1,11443
pake,1,11443
optimizer,1,11310
xray-core,1,10230
ios-app,1,9251
light-mode,1,8737
new-yorker,1,30804
e2ee,1,25946
test-automation-framework,1,17089
neovim-plugins,1,14237
starcoder,1,10831
proxmox-ve,1,27592
copy-paste,1,25239
ai-tool-interaction-monitoring,1,16132
machine-learning-algorithms,1,63541
ascii,1,19336
quantitative-trading,1,16930
containers,1,11461
facebook-interview,1,11122
face-recognition,1,21006
agent-based-model,1,18978
seelen-ui,1,16352
uptimerobot,1,9574
multi-agents,1,48558
linkai,1,43095
imgui,1,30746
su,1,15987
rnnt,1,15649
rich-text-editor,1,9356
autonomous-agent,1,55218
hotwired-turbo,1,11716
aggregator,1,33356
image-to-video-generation,1,9976
webrtc,1,12797
excel-mcp,1,12759
google-interview,1,11122
conversational-ai,1,35207
cdn,1,13954
g16,1,12776
mail,1,12313
neobrowserbypass,1,25239
neoshield-bypass,1,25239
ttwid,1,14003
github-profile,1,12046
mathematics,1,9850
public-api,1,8698
multi-modality,1,24675
regex,1,13658
obsidian,1,33040
chain,1,10230
face-restoration,1,17882
hiddify,1,8658
vue3x,1,7996
metagpt,1,67021
my-tv,1,32175
ssh-tunnel,1,12215
time-tracking,1,8407
training-materials,1,32840
interpreter,1,63105
image-editing,1,17513
data-exploration,1,15724
imap,1,12313
alerts,1,11627
domain-platform,1,157050
ai-runtime,1,72318
figma,1,25081
react-scan,1,21047
server-monitor,1,9574
gpt-oss-120b,1,9180
timetrackingapp,1,8407
photos-management,1,97789
darkflippers,1,21374
pretrained-model,1,15649
invoices,1,9528
prismlauncher,1,9083
bobplugin,1,8422
gateway,1,43166
langchain-chatglm,1,37812
cookbook,1,23764
embedded-ml,1,23599
application-security,1,21025
docsgpt,1,17824
turbo,1,54073
oreilly,1,25045
oreilly-books,1,25045
miot,1,21608
magick,1,14586
mui,1,9574
server-monitoring,1,9574
comic,1,9251
pytrade,1,16930
yolov7,1,14115
aliyunpan,1,14011
webdav-client,1,10848
tanstack,1,112253
api-documentation,1,12820
xiaomi-smart-home,1,21608
endpoint,1,8228
1panel,1,34957
lnmp,1,34957
paraformer,1,15649
qrcode-scanner,1,12494
devbox,1,11461
movie,1,10775
dall-e,1,109294
multi-cloud,1,25576
notebooks,1,20371
app-router,1,11516
firefox-based,1,41440
ai-companion,1,38043
neurosama,1,38043
whisper-cpp,1,11067
amnezia,1,10230
mobile-agents,1,8467
test-generation,1,17089
forum,1,15464
vision-language-transformer,1,11195
galgame,1,11177
ls,1,21196
spanner,1,14538
in-context-reinforcement-learning,1,10840
ai-frameworks,1,10398
courses,1,15293
ocr-recognition,1,12494
shell-script,1,11478
filecodebox,1,8215
jmap,1,12313
windows-vm,1,50898
jobsearch,1,29657
osx-virtual-machine,1,19462
customer-service,1,17914
web-crawling,1,8765
wireguard-ui,1,8228
pose-estimation,1,55843
signature-verification,1,13927
venv,1,11461
unused-exports,1,10964
tracing,1,21678
typst,1,16292
component-library,1,37988
remote-access,1,20216
elysia,1,16423
rest,1,11724
clash-core,1,10230
operating-systems,1,11478
dev-environment,1,11461
radarr,1,10775
bingchat,1,16351
libvirt,1,14781
reference,1,14618
carddav,1,12313
autogen-extension,1,106754
cross-lingual,1,20546
singbox-core,1,10230
hacktoberfest2023,1,19164
memes,1,8218
matplotlib,1,15724
wallpaper,1,16352
activity,1,8956
mfc,1,11535
unused-code,1,10964
audio,1,8309
prompt-management,1,24838
esign,1,12615
android-app,1,9251
esrgan,1,44570
download-videos,1,10848
home-theater,1,9382
fe,1,87694
statusbar,1,27258
onebot,1,8422
data-analytics,1,63541
environment-variables,1,25855
taipy-gui,1,19164
live-share,1,12759
productivity-tool,1,12288
full-text,1,10290
typescript-book,1,10254
email-testing,1,9144
deepseek-v3,1,76438
baby-agi,1,35976
pot,1,17650
cv-builder,1,16292
broker-trading-platform,1,12242
time-series,1,12027
hosting,1,12001
perplexica,1,33729
lms,1,18978
sqlai,1,14922
gkd,1,11454
aria2,1,14011
crdts,1,10066
datagrip,1,25392
chatgpt3,1,11519
taskbar,1,16352
headless-chrome,1,8765
certificates,1,8518
neovim-lua,1,14237
recon,1,9602
3d-whole-body-pose-estimation,1,17513
vectorstore,1,11977
domainname,1,157050
tachiyomi-alternative,1,19832
latent-diffusion-models,1,33315
rust-crate,1,33217
ebooks,1,30804
voice-activity-detection,1,15649
ast,1,13400
plex,1,10775
responsive,1,22847
g-helper,1,12776
crawling-python,1,36698
vision-transformer,1,8670
weixin,1,43095
monospace-font,1,25164
terminal-emulators,1,19471
teams,1,11636
photogrammetry,1,11442
image-captioning,1,11195
deep-neural-networks,1,9316
tpu,1,76438
design-patterns,1,23293
agent-builder,1,17824
yuanshen,1,13255
dialogue-systems,1,12088
generative,1,11977
iptv-channels,1,23516
cockroachdb,1,14538
xget,1,8002
packet-sniffer,1,33217
structural-search,1,13400
3d-graphics,1,11442
win32,1,11177
windows11,1,10493
exploit,1,10451
mitmproxy,1,9348
codebase-generation,1,55218
erdiagram,1,37044
color,1,21196
megatron,1,13680
neobrowser,1,25239
cursor-ai,1,25081
webcontainers-api,1,16316
bittorrent,1,16901
automatic-api,1,15305
deep-learning-library,1,11195
sapi,1,10985
ciam,1,8902
click,1,37770
dbeaver,1,25392
appsec,1,21025
transpiler,1,20675
feishu-bot,1,43095
viewer,1,10681
multimedia,1,9382
artificial-general-intelligence,1,17440
pades-standard,1,12615
ipv4,1,23516
termix,1,12215
ani,1,16901
dreambooth,1,15938
background-jobs,1,14526
smooth,1,13602
onvif,1,12797
hgemm,1,10259
failover,1,8411
cap,1,18109
vertex,1,14922
multimodal-ai,1,12732
mesh-security-provider,1,9476
work-management,1,47739
archiving,1,38055
create-t3-app,1,28796
bookmark,1,17868
magiskonwsalocal,1,16679
vad,1,15649
fastchat,1,37812
multi-platform,1,35985
machine-learning-compilation,1,22450
bgi,1,18494
cluster,1,11789
pdf2zh,1,33040
attention,1,25747
koreader,1,19501
ssl-certificate,1,8518
packet-capture,1,33217
filter-image,1,12494
installer,1,11478
matrix-factorization,1,9850
graph-database,1,15226
devcontainers,1,14837
portable,1,12001
langgpt,1,11914
pdf-extractor-rag,1,59652
test-automation,1,17089
trademarks,1,16930
fake-webcam,1,90173
asyncio,1,36386
communicative-ai,1,16683
parsing,1,14857
qwen3-vl,1,13680
selectors,1,36698
markup-language,1,10420
data-manipulation,1,9083
hyde,1,8737
upscale,1,44570
text-to-diagram,1,23416
contract,1,21188
mock-framework,1,17089
references,1,15071
jxl,1,12494
datasets,1,9268
uv,1,83195
ecommerce-mobile,1,14744
chinese-language,1,39073
manga-reader,1,19832
solidity-contracts,1,13927
cosmwasm,1,74142
custom-ai-agents,1,58248
docker-stack,1,22847
http-server,1,21678
manus,1,12683
doh-server,1,10230
javascript-interview-questions,1,9247
prompts-chat,1,159593
scroll,1,13602
background-removal,1,12494
surveys,1,12055
durable-execution,1,31626
work,1,40598
foliate,1,19501
image-creator,1,11310
baidunetdisk,1,14011
hyprland,1,13886
remote-download,1,10848
robotics,1,10524
real-time-deepfake,1,90173
visual-language-learning,1,24675
textbook,1,23599
airpods,1,26468
list,1,19331
unified-model,1,17693
genbi,1,14922
interviews,1,9247
chatgpt-prompts,1,159593
outlook,1,11636
academic,1,70419
voice-converter,1,35207
plm,1,18947
nextjs15,1,18109
screen-capture,1,18109
symbolic-ai,1,13658
examlyio,1,25239
iamneobypass,1,25239
monocular-depth-estimation,1,8061
filterable,1,21188
webvm,1,16636
123yunpan,1,14011
reverse-etl,1,8695
coding-language,1,33417
minicpm-v,1,24357
btop,1,8956
webview,1,54351
super-resolution,1,17882
tensor-algebra,1,14427
tianyi-netdisk,1,14011
aarch64,1,11535
modrinth,1,9083
admin,1,7996
chatchat,1,37812
asus,1,12776
web-scraping-python,1,36698
spreadsheets,1,14922
ai-engineering,1,11207
unix-porn,1,8737
vitest,1,29464
apk-updater,1,16422
stable-diffusion-webui,1,15938
osm,1,14888
nft,1,13927
edit-photo,1,12494
apache-iceberg,1,8927
self-healing,1,8411
gpt4all,1,11977
knowledge-curation,1,28076
agentneo,1,16132
gptchat,1,27946
preprocessing,1,14453
liveos,1,11478
kotlin-js,1,37770
edge-machine-learning,1,23599
go-framework,1,21678
esignature,1,12615
css-animations,1,37988
error,1,26216
spring-ai,1,9212
warpinwarp,1,8228
ricing,1,13886
matrix,1,9850
website-development,1,8429
v8,1,8260
variational-inference,1,28040
schedule,1,23516
pandoc,1,14586
notion-editor,1,9356
chatglm3,1,29688
technical-analysis,1,19066
dalle3,1,15344
generative-ai-tools,1,14857
saas-starter,1,14055
document-analysis,1,59652
video-manipulation,1,9083
document-management,1,38055
restoration,1,17882
windows-10,1,16679
yolov3,1,14115
ai-spreadsheet,1,12759
sheet-mcp,1,12759
mfa,1,8902
mobile-ml,1,23599
builder,1,12498
low-latency,1,11789
ai-meeting-assistant,1,11067
patching,1,27371
frankenphp,1,10985
javascript-book,1,10254
webstudio,1,8429
imagination-machine,1,8406
ai-test,1,12607
scira,1,11599
website,1,9083
training,1,32840
toml,1,15071
module-bundler,1,12617
flipper-firmware,1,9877
autogen-ecosystem,1,57049
shadcn-admin,1,11735
rewrite,1,11310
computer-automation,1,10840
depth-estimation,1,8061
bard,1,18669
rice,1,13886
refactoring,1,13400
elixir,1,10066
dreamfusion,1,8820
switchover,1,8411
xcode-extensions,1,8251
lipsync,1,27500
microservice,1,21678
capture-traffic,1,12917
text-semantic-similarity,1,11533
trading,1,50106
vtuber,1,38043
kaggle,1,18677
llm-testing,1,16132
vlms,1,9180
function-approximation,1,17360
arm32,1,11535
prometheus-exporter,1,8411
ts,1,30187
glm-4,1,29688
full-stack,1,14055
automate,1,29657
mangadownloader,1,19832
recall,1,11310
document-image-analysis,1,14453
librechat,1,35581
s3,1,25576
mmorpg-server,1,24479
databases,1,32995
cloudflare-kv,1,21745
ai-evaluation-tools,1,16132
vision-framework,1,11195
realtime-face-changer,1,90173
datalake,1,23454
terminal-user-interface,1,19742
sftp,1,13991
armoury-crate,1,12776
upscalerimage,1,44570
private-ca,1,25855
qlib,1,16930
colab,1,15938
errors,1,14075
webhook,1,8927
pdf-editor,1,76692
amazon-s3,1,25576
jaeger,1,18519
nat64,1,13954
grpo,1,13680
store,1,11789
digital-employee,1,8159
makemoney,1,8159
astronvim,1,14237
httpx,1,14003
cuda-12,1,10259
jobs,1,29657
agent-memory,1,21745
audiobooks,1,18677
ultralytics,1,55843
vision-language-model,1,24675
sql-injection,1,21025
alpaca,1,18947
robotic-process-automation,1,15350
redis-web,1,12693
cloud-os,1,40267
miot-devices,1,21608
cosyvoice,1,20546
agentic-ai-development,1,16132
trustfulness,1,8671
poe,1,18669
subsystem,1,16679
merkle-tree,1,13927
orcaslicer,1,13275
zero-shot-detection,1,9316
multipath,1,8218
procedural-generation,1,8074
kuaishou,1,16505
page-builder,1,12498
llama3-1,1,12278
pdf-extractor-pretrain,1,59652
parsel,1,8765
agent-skills,1,8002
restful-api,1,42465
secrets,1,25855
question,1,15464
multimodal-deep-learning,1,11195
visual-question-anwsering,1,11195
concurrency,1,36386
scheduling-tool,1,28051
single-page-app,1,22847
framer-motion,1,20701
dit,1,9976
reactagent,1,9212
notes,1,67232
sydney,1,18669
abogus,1,14003
codemod,1,13400
packages,1,10192
ai-observability,1,9268
long-term-memory,1,52930
cassowary,1,14781
managed-cloud,1,12001
pkl,1,11266
pip,1,8765
classification,1,37997
diagramming,1,23416
n8n-alternative,1,21691
private-server,1,16751
ebpf,1,15107
ssldump,1,15107
keypress,1,9177
ollama-webui,1,131635
workflow-management,1,31626
google-gemini,1,16618
persistent,1,11789
ai-sandboxes,1,72318
properties,1,11266
incident,1,9574
bi,1,25392
structured-generation,1,13658
visual-studio-code,1,28562
budgeting,1,25912
quant-trader,1,16930
memory-leak,1,14984
memory-profiler,1,14984
profiler,1,14984
babel,1,13400
image-generator,1,13265
cemu-emulator,1,9233
clashforwindows,1,8658
chatgpt35-turbo,1,11519
dropbox,1,40267
computer,1,21139
yolo11,1,55843
flux,1,33315
loader,1,11924
pricing,1,9528
web-application-firewall,1,21025
demo,1,21006
ai-sdk,1,16147
wails,1,12693
manga-downloader,1,19832
config,1,11266
video2video,1,33315
npx,1,28796
punctuation,1,15649
deadcode,1,10964
agent-harness,1,75137
chatgpt-clone,1,35581
recursive-cloning-model,1,9476
cpp23,1,30746
windowssubsystemforandroid,1,16679
cosmos,1,74142
translator-app,1,24891
screen-recorder,1,18109
toast,1,12248
g2g,1,16382
data-structures-and-algorithms,1,125207
hight-performance,1,47738
dfsmn,1,15649
smolagents,1,9268
tuf,1,12776
digital-signature,1,12615
huggingface,1,11583
smarthome,1,27592
macosx,1,19462
foss,1,16422
billing,1,9528
passwordless,1,8902
deepfake-webcam,1,90173
valle,1,29373
cloud-ml,1,23599
blueteam,1,21025
widgets,1,19742
ecommerce-mobile-app,1,14744
github-actions,1,12001
animations,1,37988
firestore,1,14538
uptime-monitor,1,9574
mas,1,8159
copaw,1,34957
windows-subsystem-for-android,1,16679
wsa-with-gapps-and-magisk,1,16679
scientific-computing,1,14861
netinstall,1,11478
nvim-plugin,1,10192
pipeline-parallelism,1,10065
file-upload-server,1,9937
webdav-server,1,9937
minecraft-launcher,1,9083
database-management,1,8411
pre-training,1,12139
multi-agent-system,1,40387
notetaking,1,8205
compositor,1,35045
alternative-firmware,1,21374
scenario-analysis,1,19164
magiskonwsa,1,16679
dify,1,15802
baidupan,1,14011
xunlei-netdisk,1,14011
sora,1,12632
command-palette,1,12489
learn-cuda,1,10259
change,1,35207
ai-assistant,1,30187
signing,1,12615
position-cost-distribution,1,12242
nat-traversal,1,20216
elegant,1,19359
wallpapers,1,8737
certbot,1,8518
no-code-automation,1,21691
wsa-root,1,16679
android-https-capture,1,15107
wiiu,1,9233
website-builder,1,8429
vue3-admin,1,7996
clash-verge,1,110329
naive-ui,1,12693
backups,1,32995
emnlp2024,1,28076
customer-success,1,17914
gpslogger,1,8653
phishing,1,21694
app-updater,1,16422
yidong-netdisk,1,14011
dependency-analysis,1,10964
artifacts,1,35581
alerting,1,11627
extract-data,1,59652
mcp-clients,1,24508
swarm,1,18173
momentum,1,8330
algo,1,125207
internal-tools,1,12272
netinst,1,11478
agent-native,1,30187
dataframe,1,15724
icon-pack,1,12693
subconverter,1,11810
minimalistic-ai-search-engine,1,11599
bangumi,1,16901
memory-leak-detection,1,14984
appscript,1,12759
internal-development,1,12272
cellular-automata,1,8074
pdfmerger,1,76692
hugging-face,1,60042
openobserve,1,18519
saas-template,1,14055
hearing-aid,1,26468
neoexamshield,1,25239
app-launcher,1,16352
gpt-oss-20b,1,9180
planetscale,1,23383
talking-head,1,13724
dotnet,1,11535
stream-downloader,1,10848
vector-search-engine,1,10290
pop3-server,1,9144
smtp-relay,1,9144
docker-deployment,1,22847
fan,1,12776
notebook-jupyter,1,26141
any-to-any,1,17693
business-intelligence,1,14922
notebooklm,1,13808
nano,1,12683
generics,1,21188
q-and-a,1,15464
aliyun-drive,1,14011
survey-analysis,1,12055
caddy,1,10985
markovjunior,1,8074
prompt-testing,1,20032
mit-license,1,16382
human-in-the-loop,1,10397
gaming,1,8987
lego,1,8518
sdl3,1,30746
funds,1,16930
tutorial-code,1,13927
satori,1,13265
mp3,1,8309
webcam,1,90173
dataoriented,1,24479
cooperative-ai,1,16683
gpt-4-api,1,12820
home-assistant-integration,1,21608
ssr,1,20561
colaboratory,1,15938
minio,1,25576
idphoto,1,21006
flutter-ecommerce-app,1,14744
claude-api,1,12820
redis-desktop,1,12693
feed-reader,1,33356
statuspage,1,9574
tavily,1,8756
aiinfra,1,16600
speechllm,1,15649
3d-printer,1,13275
elt,1,8695
business-continuity,1,8411
calclaude,1,87694
python-tutorial,1,13177
larger-than-memory,1,11789
iptv-m3u,1,23516
meeting-minutes,1,11067
chatgpt-on-wechat,1,43095
secret-manager,1,25855
vhs,1,19336
motrix,1,14011
transformation,1,8695
pdf-tools,1,76692
hld,1,36324
pretraining,1,14733
pdf-parser,1,59652
ebook,1,19501
pypi-package,1,27946
china,1,27871
node-js,1,25855
malware,1,21694
taipy-core,1,19164
windows-subsystem-android,1,16679
embed,1,15305
parcel,1,12966
typeform,1,12055
jellyfin,1,10775
search-algorithm,1,10290
homebrew,1,10026
clickhouse-client,1,25392
res-downloader,1,16505
vuejs3,1,16351
slack,1,18173
text-to-chart,1,14922
tidb,1,14538
etl-framework,1,63541
pascal-voc,1,37997
end-to-end-encryption,1,25946
presentation,1,18373
dapps,1,13927
vendetta,1,13054
wav2lip,1,12662
alpine-linux,1,11478
worker,1,10985
githubcopilot,1,8251
aws,1,35581
saas,1,14055
scalable,1,11789
code-execution,1,72318
web-crawlers,1,23294
file-conversion,1,16423
government,1,16382
planning,1,10840
boot,1,11478
nvim-lsp-installer,1,10192
voxel,1,8074
chatgpt-4,1,65997
llm-security,1,60042
orchestration-engine,1,31626
face-swap,1,27500
meeting-notes,1,11067
coco,1,37997
erc721,1,13927
lync,1,11636
risc-v,1,11535
ytdownloader,1,9075
websites,1,8429
streamlit,1,37812
postman-alternative,1,18378
nix-flake,1,14781
accessiblity,1,26468
cantonese,1,20546
mangareader,1,19832
bubbletea,1,17116
proxy-chain,1,10230
yolov9,1,9512
pcap,1,33217
blocklist,1,21694
langbot,1,15802
emby,1,10775
pricing-data-science,1,9528
prometheus,1,18519
chinese-llm,1,15823
llama3-2-vision,1,12278
superpowers,1,43419
public-opinion-analysis,1,40387
scripts,1,27592
react-dom,1,21047
shad,1,19331
mind-map,1,13413
debloat,1,11310
uptime-checker,1,9574
updater,1,16422
quark-netdisk,1,14011
univer-mcp,1,12759
runtime,1,11924
attack-surface-management,1,9602
recursion,1,9602
keystroke,1,9177
diffusion-transformer,1,11965
certificate,1,8518
ai-applications,1,8102
mlsys,1,16600
automatic-differentiation,1,14427
cogvideox,1,12632
lazarus,1,11535
inject,1,8260
blender-addon,1,8147
resume-generator,1,16292
moss,1,15344
game,1,14974
pop3,1,12313
function-calling,1,27770
topbar,1,16352
perplexity-ai,1,11599
napcat,1,8422
masque,1,8228
jira-alternative,1,47739
iced,1,33217
overpass-api,1,14888
typescript-language,1,10254
multimc,1,9083
research-project,1,33774
datadog,1,18519
chat-history,1,16990
mit,1,16382
mui-material,1,9574
encryption,1,25946
mock,1,17089
bitcoin,1,16930
tampermonkey-userscript,1,14011
esbuild,1,11924
does-anyone-read-these,1,8218
flow,1,28040
courseware,1,23599
radiance-field,1,21370
alpaca-2,1,18947
seamless,1,14781
winapps,1,14781
gpu,1,12776
pdf-extractor-llm,1,59652
screenshare-bypass,1,25239
identity-management,1,20216
self-hostable,1,16231
scheduler,1,14526
nintendo,1,9233
flutter-ecommerce,1,14744
live2d,1,38043
multimodal-large-language-models,1,8467
ncqq,1,8422
network-monitoring,1,33217
ebpf-tc,1,15107
photo-editor,1,12494
ws,1,8951
oauth2,1,27786
schema-migrations,1,21818
localfirst,1,13413
pim,1,9546
ntqq,1,8422
opentype,1,25164
adapter,1,20931
xm,1,12055
cuda-kernels,1,10259
mailpit,1,9144
element-plus,1,7996
database-schema,1,37044
websecurity,1,21025
maxkb,1,20711
monospaced,1,18862
log-search,1,18519
laravel-ecommerce-project,1,14744
oblivion,1,8228
codebook,1,17882
unity3d,1,12662
envoy,1,8121
context-retrieval,1,77936
relayer,1,74142
autogpt,1,35976
video-transition,1,16866
keras-classification-models,1,11382
typesetting,1,10420
exercises,1,9262
line,1,15802
crop,1,12494
gamedev,1,8074
instruction-following,1,30255
keras-models,1,11382
nptel,1,25239
layout,1,17016
markup,1,10420
pocket-flow,1,10398
filterlist,1,21694
data-ops,1,19164
ai-agent-framework,1,14526
cvpr2023,1,13724
workflow-engine,1,31626
open,1,12001
remote,1,11789
freedomain,1,157050
searxng-copilot,1,33729
comet,1,12683
front-end-development,1,9247
ebpf-uprobe,1,15107
onenote,1,11636
subdomains,1,9602
google-colab,1,9316
multiagent-systems,1,51860
sysadmin,1,32783
resume-template,1,16292
ai-vtuber,1,38043
product,1,9546
certificate-manager,1,8518
clawdbot,1,34957
packet-analyser,1,33217
paligemma,1,9316
webflow,1,8429
interoperability,1,74142
insomnia-alternative,1,18378
loom,1,18109
midjourney,1,15344
zhuabao,1,12917
ruff,1,47030
image2video,1,33315
pki,1,25855
telemetry,1,21694
blender,1,8147
llama-api,1,183389
zero-shot-tts,1,36224
menubar-app,1,27258
openllm,1,12278
ai-avatar,1,12732
neovim-conf,1,25852
vulnerabilities,1,10451
llm-webui,1,131635
scalability,1,36324
smithay,1,22472
open-source-models,1,15823
g14,1,12776
cheat-sheet,1,11964
mdx,1,11516
hyprdots,1,8737
talking-heads,1,13724
disaster-recovery,1,8411
quic,1,8218
gfw,1,20000
devcontainer,1,14837
iptv-m3u8,1,23516
typesetting-system,1,10420
tinyml,1,23599
xiaohongshu,1,16505
neoexamshield-bypass,1,25239
private-access,1,20216
manga,1,19832
convex,1,11252
server-monitoring-tools,1,9574
tree-sitter,1,13400
nextjs13,1,12288
redteaming,1,10451
finops,1,8524
gemini-server,1,87694
tun,1,33964
vulnerability,1,21025
kibana,1,18519
toolbar,1,16352
paddleocr,1,43272
qml,1,43272
latex,1,33040
multimodal-agent,1,8467
github-apk-updater,1,16422
mod,1,13054
linux-distribution,1,11478
subscriptions,1,9528
x-ui,1,8658
mediawiki,1,19786
apm,1,18519
ai-application-debugging,1,16132
pakeplus,1,11443
windows-app,1,9251
remote-control,1,8987
tableview,1,67232
workspace,1,67232
topaz,1,44570
ps4,1,30746
musicfree,1,24203
codereview,1,13400
dictionary,1,12822
shadowsocks2022,1,33964
voice-changer,1,28040
computer-systems,1,23599
log-management,1,18519
tables,1,57736
firecrawl-alternative,1,23294
ai-avatars,1,12732
vk,1,39534
unofficial,1,21374
datascience,1,19164
darknet,1,14115
spreadsheet-mcp,1,12759
linear-algebra,1,9850
agentic-agi,1,57049
golang-framework,1,21678
storage,1,40267
sharding,1,31501
proxmox,1,27592
data-mining,1,12485
admin-panel,1,11735
onedrive,1,11636
algiorithm,1,10290
pdf-web-apps,1,76692
libp2p,1,45362
gemma-2b-it,1,29688
oops,1,23293
pot-app,1,17650
cognitive-memory,1,15226
zerotrust,1,8228
rolling-codes,1,21374
coze,1,15802
baidu-netdisk,1,14011
publisher,1,11636
development-environment,1,11461
quiltmc,1,9083
mojo,1,25872
solidjs,1,18109
kde,1,14781
concurrent,1,11789
math,1,33040
video-editing,1,18129
vuejs,1,15071
ftp-client,1,10848
data-generation,1,17513
armoury,1,12776
contentlayer,1,11516
fullscreen-bypass,1,25239
tunneling,1,20216
infrastructure-monitoring,1,9574
unstable,1,162350
issue-tracker,1,47739
plugin-manager,1,20721
tencent,1,12822
low-code-development-platform,1,12272
grpc-go,1,21678
penetration-testing,1,12553
terminal-app,1,17116
gui-agents,1,10840
autoregressive-models,1,8670
speed,1,7974
gigapixel-images,1,44570
image-upscaling,1,44570
tcpdump,1,15107
leet-cuda,1,10259
json-logging,1,8411
operator,1,8411
hive,1,25392
deep-search,1,40387
webtop,1,40267
iptv-playlist,1,23516
humanlayer,1,10397
product-information-management,1,9546
dynamic,1,8737
